,Date_year,open,high_value,low,close,adjclose,total_volume,ticker
0,10/21/2021,10.06000042,10.06000042,10.02999973,10.02999973,10.02999973,9815256,XFINU
1,10/22/2021,10.02999973,10.04500008,10.02999973,10.02999973,10.02999973,805740,XFINU
2,10/25/2021,10.02999973,10.14999962,10.02999973,10.06999969,10.06999969,114683,XFINU
3,10/26/2021,10.0,10.10000038,10.0,10.09000015,10.09000015,3104,XFINU
4,10/27/2021,10.03999996,10.07999992,10.03999996,10.06000042,10.06000042,75065,XFINU
5,10/28/2021,10.09000015,10.09000015,10.06999969,10.06999969,10.06999969,92316,XFINU
6,10/29/2021,10.05000019,10.09000015,10.05000019,10.06999969,10.06999969,20216,XFINU
7,11/1/2021,10.09000015,10.09000015,10.09000015,10.09000015,10.09000015,332,XFINU
8,11/2/2021,10.06999969,10.09000015,10.06999969,10.09000015,10.09000015,436530,XFINU
9,11/3/2021,10.09000015,10.09000015,10.06029987,10.09000015,10.09000015,31361,XFINU
10,11/4/2021,10.09000015,10.09000015,10.04039955,10.07999992,10.07999992,48798,XFINU
11,11/5/2021,10.0,10.09000015,10.0,10.07999992,10.07999992,87164,XFINU
12,11/8/2021,10.05000019,10.09000015,10.05000019,10.07999992,10.07999992,31034,XFINU
13,11/9/2021,10.05000019,10.09000015,10.05000019,10.07999992,10.07999992,34506,XFINU
14,11/10/2021,10.09000015,10.09000015,10.07509995,10.07509995,10.07509995,31605,XFINU
15,11/11/2021,10.07509995,10.07509995,10.07509995,10.07509995,10.07509995,0,XFINU
16,11/12/2021,10.07999992,10.07999992,10.07999992,10.07999992,10.07999992,224,XFINU
17,11/15/2021,10.09000015,10.09000015,10.06999969,10.07499981,10.07499981,1952,XFINU
18,11/16/2021,10.09000015,10.09000015,10.07339954,10.09000015,10.09000015,5903,XFINU
19,11/17/2021,10.09000015,10.09000015,10.09000015,10.09000015,10.09000015,25395,XFINU
20,11/18/2021,10.09000015,10.09000015,10.09000015,10.09000015,10.09000015,9099,XFINU
21,11/19/2021,10.09000015,10.09000015,10.06000042,10.09000015,10.09000015,19600,XFINU
22,11/22/2021,10.09000015,10.09000015,10.09000015,10.09000015,10.09000015,179,XFINU
23,11/23/2021,10.10000038,10.10000038,10.10000038,10.10000038,10.10000038,15688,XFINU
24,11/24/2021,10.09000015,10.09000015,10.09000015,10.09000015,10.09000015,143,XFINU
25,11/26/2021,10.09000015,10.09000015,10.09000015,10.09000015,10.09000015,0,XFINU
26,11/29/2021,10.10000038,10.10000038,10.10000038,10.10000038,10.10000038,135,XFINU
27,11/30/2021,10.06999969,10.14999962,10.06999969,10.12010002,10.12010002,12414,XFINU
28,12/1/2021,10.10000038,10.10000038,10.09000015,10.10000038,10.10000038,8596,XFINU
29,12/2/2021,10.10000038,10.10000038,10.10000038,10.10000038,10.10000038,0,XFINU
30,12/3/2021,10.10000038,10.10000038,10.10000038,10.10000038,10.10000038,0,XFINU
31,12/6/2021,10.05000019,10.05000019,10.05000019,10.05000019,10.05000019,4500,XFINU
32,12/7/2021,10.05000019,10.06499958,10.05000019,10.05000019,10.05000019,11042,XFINU
33,12/8/2021,10.05000019,10.05000019,10.05000019,10.05000019,10.05000019,0,XFINU
34,12/9/2021,10.05000019,10.06000042,10.05000019,10.06000042,10.06000042,51562,XFINU
35,12/10/2021,10.0,10.0,10.0,10.0,10.0,200,XFINU
36,12/13/2021,10.10999966,10.10999966,10.05000019,10.05000019,10.05000019,205000,XFINU
37,12/14/2021,10.05000019,10.05000019,10.05000019,10.05000019,10.05000019,41075,XFINU
38,12/15/2021,10.05000019,10.06000042,10.02999973,10.06000042,10.06000042,13239,XFINU
39,12/16/2021,10.0369997,10.10000038,10.01089954,10.06499958,10.06499958,18256,XFINU
40,12/17/2021,10.06000042,10.06000042,10.05000019,10.06000042,10.06000042,8907,XFINU
41,12/20/2021,10.01000023,10.02000046,10.01000023,10.02000046,10.02000046,519,XFINU
42,12/21/2021,10.02999973,10.02999973,10.02999973,10.02999973,10.02999973,125,XFINU
43,12/22/2021,11.02999973,11.02999973,10.14000034,10.14000034,10.14000034,4979,XFINU
44,12/23/2021,10.5,10.5,10.18999958,10.19999981,10.19999981,1938,XFINU
45,12/27/2021,10.19999981,10.19999981,10.19999981,10.19999981,10.19999981,0,XFINU
46,12/28/2021,10.19999981,10.19999981,10.14999962,10.14999962,10.14999962,1794,XFINU
47,12/29/2021,10.14999962,10.14999962,10.14999962,10.14999962,10.14999962,0,XFINU
48,12/30/2021,10.14999962,10.14999962,10.14999962,10.14999962,10.14999962,153,XFINU
49,12/31/2021,10.14999962,10.14999962,10.14999962,10.14999962,10.14999962,0,XFINU
50,1/3/2022,10.14999962,10.14999962,10.14999962,10.14999962,10.14999962,0,XFINU
51,1/4/2022,10.09500027,10.14000034,10.09500027,10.14000034,10.14000034,1492,XFINU
52,1/5/2022,10.14000034,10.14000034,10.14000034,10.14000034,10.14000034,8689,XFINU
53,1/6/2022,11.01000023,11.01000023,10.11999989,10.13000011,10.13000011,17852,XFINU
54,1/7/2022,10.17000008,10.17000008,10.17000008,10.17000008,10.17000008,300,XFINU
55,1/10/2022,10.14999962,10.14999962,10.11999989,10.11999989,10.11999989,430,XFINU
56,1/11/2022,10.11999989,10.11999989,10.11999989,10.11999989,10.11999989,0,XFINU
57,1/12/2022,10.14999962,10.14999962,10.14999962,10.14999962,10.14999962,4943,XFINU
58,1/13/2022,10.21000004,10.21000004,10.21000004,10.21000004,10.21000004,125,XFINU
59,1/14/2022,10.21000004,10.21000004,10.21000004,10.21000004,10.21000004,0,XFINU
60,1/18/2022,10.21000004,10.21000004,10.21000004,10.21000004,10.21000004,0,XFINU
61,1/19/2022,10.11999989,10.11999989,10.11999989,10.11999989,10.11999989,234,XFINU
62,1/20/2022,10.11999989,10.11999989,10.11999989,10.11999989,10.11999989,792,XFINU
63,1/21/2022,10.11999989,10.11999989,10.11999989,10.11999989,10.11999989,0,XFINU
64,1/24/2022,10.11999989,10.11999989,10.11999989,10.11999989,10.11999989,0,XFINU
65,1/25/2022,10.11999989,10.11999989,10.11999989,10.11999989,10.11999989,0,XFINU
66,1/26/2022,10.11999989,10.11999989,10.11999989,10.11999989,10.11999989,0,XFINU
67,1/27/2022,10.02999973,10.02999973,10.02999973,10.02999973,10.02999973,200,XFINU
68,1/28/2022,10.02999973,10.02999973,10.02999973,10.02999973,10.02999973,0,XFINU
69,1/31/2022,10.10000038,10.10000038,10.05000019,10.05000019,10.05000019,3601,XFINU
70,2/1/2022,10.05000019,10.05000019,10.05000019,10.05000019,10.05000019,0,XFINU
71,2/2/2022,10.05000019,10.05000019,10.05000019,10.05000019,10.05000019,400,XFINU
72,2/3/2022,10.05000019,10.05000019,10.05000019,10.05000019,10.05000019,0,XFINU
73,2/4/2022,10.06999969,10.07999992,10.06999969,10.06999969,10.06999969,64705,XFINU
74,2/7/2022,10.06999969,10.06999969,10.06999969,10.06999969,10.06999969,0,XFINU
75,2/8/2022,10.06999969,10.06999969,10.06999969,10.06999969,10.06999969,0,XFINU
76,2/9/2022,10.06999969,10.06999969,10.06999969,10.06999969,10.06999969,0,XFINU
77,2/10/2022,10.10000038,10.10000038,10.07999992,10.07999992,10.07999992,782,XFINU
78,2/11/2022,10.07999992,10.07999992,10.07999992,10.07999992,10.07999992,0,XFINU
79,2/14/2022,10.07999992,10.07999992,10.07999992,10.07999992,10.07999992,0,XFINU
80,2/15/2022,10.06000042,10.06000042,10.02999973,10.03999996,10.03999996,10000,XFINU
81,2/16/2022,10.06000042,10.06000042,10.06000042,10.06000042,10.06000042,3090,XFINU
82,2/17/2022,10.06499958,10.06499958,10.05000019,10.05000019,10.05000019,25000,XFINU
83,2/18/2022,10.06999969,10.06999969,10.06980038,10.06980038,10.06980038,2683,XFINU
84,2/22/2022,10.07999992,10.07999992,10.07999992,10.07999992,10.07999992,20430,XFINU
85,2/23/2022,10.07999992,10.07999992,10.07999992,10.07999992,10.07999992,0,XFINU
86,2/24/2022,10.06999969,10.06999969,10.06999969,10.06999969,10.06999969,300,XFINU
87,2/25/2022,10.06000042,10.07009983,10.06000042,10.07009983,10.07009983,93031,XFINU
88,2/28/2022,10.06999969,10.08679962,10.06999969,10.06999969,10.06999969,1184,XFINU
89,3/1/2022,10.07999992,10.14000034,10.07999992,10.14000034,10.14000034,19684,XFINU
90,3/2/2022,10.14000034,10.14000034,10.14000034,10.14000034,10.14000034,0,XFINU
91,3/3/2022,10.14000034,10.14000034,10.14000034,10.14000034,10.14000034,0,XFINU
92,3/4/2022,10.14000034,10.14000034,10.14000034,10.14000034,10.14000034,0,XFINU
93,3/7/2022,10.13000011,10.13000011,10.13000011,10.13000011,10.13000011,1790,XFINU
94,3/8/2022,10.14000034,10.14000034,10.14000034,10.14000034,10.14000034,147,XFINU
95,3/9/2022,10.11200047,10.11200047,10.10039997,10.10039997,10.10039997,1000,XFINU
96,3/10/2022,10.10039997,10.10039997,10.10039997,10.10039997,10.10039997,0,XFINU
97,3/11/2022,10.10000038,10.10000038,10.10000038,10.10000038,10.10000038,76841,XFINU
98,3/14/2022,10.10000038,10.10000038,10.10000038,10.10000038,10.10000038,0,XFINU
99,3/15/2022,10.03999996,10.03999996,10.03999996,10.03999996,10.03999996,110,XFINU
100,3/16/2022,10.03999996,10.03999996,10.03999996,10.03999996,10.03999996,0,XFINU
101,3/17/2022,10.03999996,10.03999996,10.03999996,10.03999996,10.03999996,0,XFINU
102,3/18/2022,10.03999996,10.03999996,10.03999996,10.03999996,10.03999996,0,XFINU
103,3/21/2022,10.03999996,10.03999996,10.03999996,10.03999996,10.03999996,0,XFINU
104,3/22/2022,10.10000038,10.14999962,10.09000015,10.09000015,10.09000015,34255,XFINU
105,3/23/2022,10.09000015,10.09000015,10.09000015,10.09000015,10.09000015,0,XFINU
106,3/24/2022,10.07999992,10.07999992,10.07999992,10.07999992,10.07999992,203,XFINU
107,3/25/2022,10.07999992,10.07999992,10.07999992,10.07999992,10.07999992,0,XFINU
108,3/28/2022,10.07999992,10.07999992,10.07999992,10.07999992,10.07999992,0,XFINU
109,3/29/2022,10.05000019,10.05000019,10.05000019,10.05000019,10.05000019,4300,XFINU
110,3/30/2022,10.06000042,10.06000042,10.06000042,10.06000042,10.06000042,100,XFINU
111,3/31/2022,10.06000042,10.06000042,10.06000042,10.06000042,10.06000042,0,XFINU
112,4/1/2022,10.06000042,10.06000042,10.06000042,10.06000042,10.06000042,0,XFINU
113,4/4/2022,10.13000011,10.13000011,10.13000011,10.13000011,10.13000011,1260,XFINU
114,4/5/2022,10.13000011,10.13000011,10.13000011,10.13000011,10.13000011,0,XFINU
115,4/6/2022,10.07999992,10.07999992,10.06999969,10.06999969,10.06999969,1200,XFINU
116,4/7/2022,10.11999989,10.11999989,10.02999973,10.02999973,10.02999973,25563,XFINU
117,4/8/2022,10.05000019,10.05000019,10.0340004,10.0340004,10.0340004,1742,XFINU
118,4/11/2022,10.0340004,10.0340004,10.0340004,10.0340004,10.0340004,0,XFINU
119,4/12/2022,10.0340004,10.0340004,10.0340004,10.0340004,10.0340004,0,XFINU
120,4/13/2022,10.0340004,10.0340004,10.0340004,10.0340004,10.0340004,0,XFINU
121,4/14/2022,10.0340004,10.0340004,10.0340004,10.0340004,10.0340004,0,XFINU
122,4/18/2022,10.0340004,10.0340004,10.0340004,10.0340004,10.0340004,0,XFINU
123,4/19/2022,10.0340004,10.0340004,10.0340004,10.0340004,10.0340004,0,XFINU
124,4/20/2022,10.0340004,10.0340004,10.0340004,10.0340004,10.0340004,0,XFINU
125,4/21/2022,10.0340004,10.0340004,10.0340004,10.0340004,10.0340004,0,XFINU
126,4/22/2022,10.0340004,10.0340004,10.0340004,10.0340004,10.0340004,0,XFINU
127,4/25/2022,10.02999973,10.02999973,10.02999973,10.02999973,10.02999973,1970,XFINU
128,4/26/2022,10.02000046,10.02000046,10.02000046,10.02000046,10.02000046,1500,XFINU
129,4/27/2022,10.02000046,10.02000046,10.02000046,10.02000046,10.02000046,0,XFINU
130,4/28/2022,10.02000046,10.02000046,10.02000046,10.02000046,10.02000046,0,XFINU
131,4/29/2022,10.02000046,10.02000046,10.02000046,10.02000046,10.02000046,0,XFINU
132,5/2/2022,10.02000046,10.02000046,10.02000046,10.02000046,10.02000046,0,XFINU
133,5/3/2022,10.02000046,10.02000046,10.02000046,10.02000046,10.02000046,0,XFINU
134,5/4/2022,10.02000046,10.02000046,10.02000046,10.02000046,10.02000046,0,XFINU
135,5/5/2022,10.02000046,10.02000046,10.02000046,10.02000046,10.02000046,0,XFINU
136,5/6/2022,10.02000046,10.02000046,10.02000046,10.02000046,10.02000046,0,XFINU
137,5/9/2022,10.02000046,10.02000046,10.02000046,10.02000046,10.02000046,0,XFINU
138,5/10/2022,10.02000046,10.02000046,10.02000046,10.02000046,10.02000046,0,XFINU
139,5/11/2022,10.02000046,10.02000046,10.02000046,10.02000046,10.02000046,0,XFINU
140,5/12/2022,10.02000046,10.02000046,10.02000046,10.02000046,10.02000046,0,XFINU
141,5/13/2022,10.02000046,10.02000046,10.02000046,10.02000046,10.02000046,0,XFINU
142,5/16/2022,10.02000046,10.02000046,10.02000046,10.02000046,10.02000046,0,XFINU
143,5/17/2022,10.02000046,10.02000046,10.02000046,10.02000046,10.02000046,0,XFINU
144,5/18/2022,10.02000046,10.02000046,10.02000046,10.02000046,10.02000046,0,XFINU
145,5/19/2022,10.02000046,10.02000046,10.02000046,10.02000046,10.02000046,0,XFINU
146,5/20/2022,10.02000046,10.02000046,10.02000046,10.02000046,10.02000046,0,XFINU
147,5/23/2022,10.02000046,10.02000046,10.01500034,10.02000046,10.02000046,14723,XFINU
148,5/24/2022,10.02000046,10.02009964,9.989999771,10.02000046,10.02000046,17277,XFINU
149,5/25/2022,10.02000046,10.02000046,10.02000046,10.02000046,10.02000046,0,XFINU
150,5/26/2022,10.02000046,10.02000046,10.02000046,10.02000046,10.02000046,0,XFINU
151,5/27/2022,10.02000046,10.02000046,10.02000046,10.02000046,10.02000046,170,XFINU
152,5/31/2022,10.0,10.0,10.0,10.0,10.0,103,XFINU
153,6/1/2022,10.0,10.0,10.0,10.0,10.0,0,XFINU
154,6/2/2022,10.0,10.0,10.0,10.0,10.0,0,XFINU
155,6/3/2022,10.0,10.0,10.0,10.0,10.0,0,XFINU
156,6/6/2022,10.0,10.0,10.0,10.0,10.0,0,XFINU
157,6/7/2022,10.0,10.0,10.0,10.0,10.0,0,XFINU
158,6/8/2022,10.0,10.0,10.0,10.0,10.0,0,XFINU
159,6/9/2022,9.99090004,9.99090004,9.99090004,9.99090004,9.99090004,1000,XFINU
160,6/10/2022,10.0,10.02680016,9.989999771,10.0,10.0,16469,XFINU
161,6/13/2022,10.0,10.0,9.989999771,9.989999771,9.989999771,40400,XFINU
162,6/14/2022,9.979999542,9.979999542,9.979999542,9.979999542,9.979999542,303,XFINU
163,6/15/2022,10.0,10.0,9.989999771,9.989999771,9.989999771,3188,XFINU
164,6/16/2022,10.0,10.0,9.970000267,9.979999542,9.979999542,58989,XFINU
165,6/17/2022,9.970100403,9.970100403,9.970100403,9.970100403,9.970100403,1130,XFINU
166,6/21/2022,10.0,10.0,10.0,10.0,10.0,12220,XFINU
167,6/22/2022,10.0,10.0,10.0,10.0,10.0,0,XFINU
168,6/23/2022,9.949999809,9.990200043,9.949999809,9.971500397,9.971500397,2147,XFINU
169,6/24/2022,9.971500397,9.971500397,9.971500397,9.971500397,9.971500397,0,XFINU
170,6/27/2022,10.10999966,10.10999966,10.10999966,10.10999966,10.10999966,287,XFINU
171,6/28/2022,10.10999966,10.10999966,10.10999966,10.10999966,10.10999966,0,XFINU
172,6/29/2022,10.10999966,10.10999966,10.10999966,10.10999966,10.10999966,0,XFINU
173,6/30/2022,9.970000267,9.970100403,9.970000267,9.970100403,9.970100403,2572,XFINU
174,7/1/2022,9.970100403,9.970100403,9.970100403,9.970100403,9.970100403,0,XFINU
175,7/5/2022,10.02999973,10.02999973,9.960000038,10.02999973,10.02999973,3709,XFINU
176,7/6/2022,10.06719971,10.06719971,10.05000019,10.05000019,10.05000019,766,XFINU
177,7/7/2022,9.949999809,10.05000019,9.949999809,10.05000019,10.05000019,3098,XFINU
178,7/8/2022,10.05000019,10.05000019,10.05000019,10.05000019,10.05000019,0,XFINU
179,7/11/2022,10.05000019,10.05000019,10.05000019,10.05000019,10.05000019,551,XFINU
180,7/12/2022,9.895999908,10.11999989,9.803199768,10.11999989,10.11999989,2700,XFINU
181,7/13/2022,10.11999989,10.11999989,10.11999989,10.11999989,10.11999989,0,XFINU
182,7/14/2022,10.11999989,10.11999989,10.11999989,10.11999989,10.11999989,0,XFINU
183,7/15/2022,10.11999989,10.11999989,10.11999989,10.11999989,10.11999989,0,XFINU
184,7/18/2022,10.11999989,10.11999989,10.11999989,10.11999989,10.11999989,0,XFINU
185,7/19/2022,10.01000023,10.01000023,9.979999542,9.979999542,9.979999542,1125,XFINU
186,7/20/2022,9.979999542,9.979999542,9.979999542,9.979999542,9.979999542,0,XFINU
187,7/21/2022,9.979999542,9.979999542,9.979999542,9.979999542,9.979999542,0,XFINU
188,7/22/2022,9.979999542,9.979999542,9.979999542,9.979999542,9.979999542,0,XFINU
189,7/25/2022,9.979999542,9.979999542,9.979999542,9.979999542,9.979999542,0,XFINU
190,7/26/2022,9.979999542,9.979999542,9.979999542,9.979999542,9.979999542,0,XFINU
191,7/27/2022,9.979999542,9.979999542,9.979999542,9.979999542,9.979999542,0,XFINU
192,7/28/2022,9.979999542,9.979999542,9.979999542,9.979999542,9.979999542,0,XFINU
193,7/29/2022,9.979999542,9.979999542,9.979999542,9.979999542,9.979999542,0,XFINU
194,8/1/2022,9.979999542,9.979999542,9.979999542,9.979999542,9.979999542,0,XFINU
195,8/2/2022,9.979999542,10.0,9.979999542,10.0,10.0,533,XFINU
196,8/3/2022,10.0,10.0,10.0,10.0,10.0,0,XFINU
197,8/4/2022,10.0,10.0,10.0,10.0,10.0,0,XFINU
198,8/5/2022,10.0,10.0,10.0,10.0,10.0,0,XFINU
199,8/8/2022,10.0,10.0,10.0,10.0,10.0,0,XFINU
200,8/9/2022,10.0,10.0,10.0,10.0,10.0,0,XFINU
201,8/10/2022,10.0,10.02999973,10.0,10.0,10.0,1447,XFINU
202,8/11/2022,10.0,10.0,10.0,10.0,10.0,0,XFINU
203,8/12/2022,10.0,10.0,10.0,10.0,10.0,0,XFINU
204,8/15/2022,10.0,10.0,10.0,10.0,10.0,0,XFINU
205,8/16/2022,10.0,10.0,10.0,10.0,10.0,0,XFINU
206,8/17/2022,10.0,10.0,10.0,10.0,10.0,0,XFINU
207,8/18/2022,10.0,10.0,10.0,10.0,10.0,0,XFINU
208,8/19/2022,10.0,10.0,10.0,10.0,10.0,0,XFINU
209,8/22/2022,10.0,10.0,10.0,10.0,10.0,0,XFINU
210,8/23/2022,10.0,10.0,10.0,10.0,10.0,0,XFINU
211,8/24/2022,10.0,10.0,10.0,10.0,10.0,0,XFINU
212,8/25/2022,10.0,10.0,10.0,10.0,10.0,0,XFINU
213,8/26/2022,10.0,10.0,10.0,10.0,10.0,0,XFINU
214,8/29/2022,10.0,10.0,10.0,10.0,10.0,0,XFINU
215,8/30/2022,9.989999771,9.989999771,9.989999771,9.989999771,9.989999771,1092,XFINU
216,8/31/2022,9.989999771,9.989999771,9.989999771,9.989999771,9.989999771,0,XFINU
217,9/1/2022,10.0,10.0,9.979999542,10.0,10.0,2311,XFINU
218,9/2/2022,9.979999542,9.979999542,9.960000038,9.970000267,9.970000267,13863,XFINU
219,9/6/2022,9.970000267,9.970000267,9.970000267,9.970000267,9.970000267,0,XFINU
220,9/7/2022,9.970000267,9.970000267,9.970000267,9.970000267,9.970000267,141,XFINU
221,9/8/2022,9.970000267,9.970000267,9.970000267,9.970000267,9.970000267,0,XFINU
222,9/9/2022,9.970000267,9.970000267,9.970000267,9.970000267,9.970000267,0,XFINU
223,9/12/2022,10.0,10.0,10.0,10.0,10.0,3200,XFINU
224,9/13/2022,10.09000015,10.09000015,10.09000015,10.09000015,10.09000015,300,XFINU
225,9/14/2022,10.0,10.0,10.0,10.0,10.0,1000,XFINU
226,9/15/2022,10.0,10.0,10.0,10.0,10.0,2800,XFINU
227,9/16/2022,10.09000015,10.09000015,10.09000015,10.09000015,10.09000015,100,XFINU
228,9/19/2022,10.09000015,10.09000015,10.09000015,10.09000015,10.09000015,0,XFINU
229,9/20/2022,10.09000015,10.09000015,10.09000015,10.09000015,10.09000015,0,XFINU
230,9/21/2022,10.0,10.0,10.0,10.0,10.0,1300,XFINU
231,9/22/2022,10.0,10.0,10.0,10.0,10.0,0,XFINU
232,9/23/2022,10.0,10.0,10.0,10.0,10.0,0,XFINU
233,9/26/2022,10.0,10.02999973,10.0,10.02999973,10.02999973,1067,XFINU
234,9/27/2022,10.02999973,10.02999973,10.02999973,10.02999973,10.02999973,0,XFINU
235,9/28/2022,10.01650047,10.01650047,10.01650047,10.01650047,10.01650047,1000,XFINU
236,9/29/2022,10.01650047,10.01650047,10.01650047,10.01650047,10.01650047,0,XFINU
237,9/30/2022,10.01650047,10.01650047,10.01650047,10.01650047,10.01650047,0,XFINU
238,10/3/2022,10.01650047,10.01650047,10.01650047,10.01650047,10.01650047,0,XFINU
239,10/4/2022,10.01650047,10.01650047,10.01650047,10.01650047,10.01650047,0,XFINU
240,10/5/2022,10.02999973,10.02999973,10.02000046,10.02000046,10.02000046,718,XFINU
241,10/6/2022,10.02000046,10.02000046,10.02000046,10.02000046,10.02000046,0,XFINU
242,10/7/2022,10.02999973,10.02999973,10.02999973,10.02999973,10.02999973,15944,XFINU
243,10/10/2022,10.02999973,10.02999973,10.02999973,10.02999973,10.02999973,200,XFINU
244,10/11/2022,10.02999973,10.02999973,10.02999973,10.02999973,10.02999973,0,XFINU
245,10/12/2022,10.02999973,10.02999973,10.02999973,10.02999973,10.02999973,3500,XFINU
246,10/13/2022,10.02999973,10.02999973,10.02999973,10.02999973,10.02999973,0,XFINU
247,10/14/2022,10.02999973,10.02999973,10.02999973,10.02999973,10.02999973,0,XFINU
248,10/17/2022,10.02999973,10.02999973,10.02999973,10.02999973,10.02999973,0,XFINU
249,10/18/2022,10.00010014,10.02999973,10.00010014,10.02000046,10.02000046,1600,XFINU
250,10/19/2022,10.02000046,10.02000046,10.02000046,10.02000046,10.02000046,0,XFINU
251,10/20/2022,10.02999973,10.05000019,10.00500011,10.05000019,10.05000019,11609,XFINU
252,10/21/2022,10.05000019,10.05000019,10.05000019,10.05000019,10.05000019,0,XFINU
253,10/24/2022,10.07999992,10.07999992,10.07999992,10.07999992,10.07999992,700,XFINU
254,10/25/2022,10.07999992,10.07999992,10.07999992,10.07999992,10.07999992,0,XFINU
255,10/26/2022,10.07999992,10.07999992,10.07999992,10.07999992,10.07999992,0,XFINU
256,10/27/2022,10.07999992,10.07999992,10.07999992,10.07999992,10.07999992,0,XFINU
257,10/28/2022,10.07999992,10.07999992,10.07999992,10.07999992,10.07999992,0,XFINU
258,10/31/2022,10.07999992,10.07999992,10.07999992,10.07999992,10.07999992,0,XFINU
259,11/1/2022,10.10999966,10.10999966,10.01000023,10.01000023,10.01000023,1050,XFINU
260,11/2/2022,10.01000023,10.01000023,10.01000023,10.01000023,10.01000023,0,XFINU
261,11/3/2022,10.01000023,10.01000023,10.01000023,10.01000023,10.01000023,0,XFINU
262,11/4/2022,10.01000023,10.01000023,10.01000023,10.01000023,10.01000023,0,XFINU
263,11/7/2022,10.09000015,10.09000015,10.08990002,10.09000015,10.09000015,30056,XFINU
264,11/8/2022,10.09000015,10.09000015,10.09000015,10.09000015,10.09000015,0,XFINU
265,11/9/2022,10.06999969,10.06999969,10.06999969,10.06999969,10.06999969,1100,XFINU
266,11/10/2022,10.06999969,10.06999969,10.06999969,10.06999969,10.06999969,0,XFINU
267,11/11/2022,10.06999969,10.06999969,10.06999969,10.06999969,10.06999969,0,XFINU
268,11/14/2022,10.06999969,10.06999969,10.06999969,10.06999969,10.06999969,0,XFINU
269,11/15/2022,10.06999969,10.06999969,10.06999969,10.06999969,10.06999969,0,XFINU
270,11/16/2022,10.06999969,10.06999969,10.06999969,10.06999969,10.06999969,0,XFINU
271,11/17/2022,10.06000042,10.06000042,10.06000042,10.06000042,10.06000042,278,XFINU
272,11/18/2022,10.03999996,10.03999996,10.03999996,10.03999996,10.03999996,100,XFINU
273,11/21/2022,10.02000046,10.02000046,10.02000046,10.02000046,10.02000046,100,XFINU
274,11/22/2022,10.11999989,10.11999989,10.10000038,10.11999989,10.11999989,700,XFINU
275,11/23/2022,10.11999989,10.11999989,10.11999989,10.11999989,10.11999989,0,XFINU
276,11/25/2022,10.11999989,10.11999989,10.11999989,10.11999989,10.11999989,0,XFINU
277,11/28/2022,10.11999989,10.13000011,10.10000038,10.10999966,10.10999966,2100,XFINU
278,11/29/2022,10.10999966,10.10999966,10.10999966,10.10999966,10.10999966,0,XFINU
279,11/30/2022,10.10999966,10.10999966,10.10999966,10.10999966,10.10999966,0,XFINU
280,12/1/2022,10.10999966,10.10999966,10.10999966,10.10999966,10.10999966,0,XFINU
281,12/2/2022,10.10000038,10.10000038,10.10000038,10.10000038,10.10000038,267,XFINU
282,12/5/2022,10.10000038,10.10000038,10.10000038,10.10000038,10.10000038,0,XFINU
283,12/6/2022,10.10000038,10.10000038,10.10000038,10.10000038,10.10000038,0,XFINU
284,12/7/2022,10.10000038,10.10000038,10.10000038,10.10000038,10.10000038,0,XFINU
285,12/8/2022,10.10000038,10.10999966,10.07999992,10.10999966,10.10999966,970,XFINU
286,12/9/2022,10.10999966,10.10999966,10.10999966,10.10999966,10.10999966,0,XFINU
287,12/12/2022,10.10999966,10.10999966,10.10999966,10.10999966,10.10999966,0,XFINU
288,12/13/2022,10.10999966,10.10999966,10.10999966,10.10999966,10.10999966,0,XFINU
289,12/14/2022,10.10999966,10.10999966,10.10999966,10.10999966,10.10999966,0,XFINU
290,12/15/2022,10.10999966,10.10999966,10.10999966,10.10999966,10.10999966,0,XFINU
291,12/16/2022,10.02999973,10.02999973,10.02999973,10.02999973,10.02999973,100,XFINU
292,12/19/2022,10.10499954,10.10499954,10.10499954,10.10499954,10.10499954,200,XFINU
293,12/20/2022,10.10499954,10.10499954,10.10499954,10.10499954,10.10499954,0,XFINU
294,12/21/2022,10.10499954,10.10499954,10.10499954,10.10499954,10.10499954,0,XFINU
295,12/22/2022,10.10499954,10.10499954,10.10499954,10.10499954,10.10499954,0,XFINU
296,12/23/2022,10.10499954,10.10499954,10.10499954,10.10499954,10.10499954,0,XFINU
297,12/27/2022,10.10499954,10.10499954,10.10499954,10.10499954,10.10499954,0,XFINU
298,12/28/2022,10.19999981,10.19999981,10.19999981,10.19999981,10.19999981,100,XFINU
299,12/29/2022,10.19999981,10.19999981,10.19999981,10.19999981,10.19999981,100,XFINU
300,12/30/2022,10.19999981,10.19999981,10.19999981,10.19999981,10.19999981,100,XFINU
301,1/3/2023,10.19999981,10.19999981,10.19999981,10.19999981,10.19999981,100,XFINU
302,1/4/2023,10.19999981,10.19999981,10.19999981,10.19999981,10.19999981,0,XFINU
303,1/5/2023,10.19999981,10.19999981,10.19999981,10.19999981,10.19999981,0,XFINU
304,1/6/2023,10.19999981,10.19999981,10.19999981,10.19999981,10.19999981,0,XFINU
305,1/9/2023,10.22000027,10.22000027,10.22000027,10.22000027,10.22000027,100,XFINU
306,1/10/2023,10.22000027,10.22000027,10.22000027,10.22000027,10.22000027,0,XFINU
307,1/11/2023,10.22000027,10.22000027,10.22000027,10.22000027,10.22000027,100,XFINU
308,1/12/2023,10.21000004,10.21000004,10.21000004,10.21000004,10.21000004,100,XFINU
309,1/13/2023,10.22000027,10.22000027,10.22000027,10.22000027,10.22000027,100,XFINU
310,1/17/2023,10.22999954,10.22999954,10.22999954,10.22999954,10.22999954,100,XFINU
311,1/18/2023,10.23999977,10.25,10.23999977,10.25,10.25,1600,XFINU
312,1/19/2023,10.25,10.25,10.25,10.25,10.25,0,XFINU
313,1/20/2023,10.25,10.25,10.25,10.25,10.25,0,XFINU
314,1/23/2023,10.25,10.25,10.25,10.25,10.25,0,XFINU
315,1/24/2023,10.25,10.27000046,10.23999977,10.27000046,10.27000046,2849,XFINU
316,1/25/2023,10.27000046,10.27000046,10.27000046,10.27000046,10.27000046,100,XFINU
317,1/26/2023,10.27000046,10.27000046,10.27000046,10.27000046,10.27000046,100,XFINU
318,1/27/2023,10.30000019,10.32289982,10.30000019,10.32289982,10.32289982,2150,XFINU
319,1/30/2023,10.32289982,10.32289982,10.32289982,10.32289982,10.32289982,0,XFINU
320,1/31/2023,10.32999992,10.32999992,10.32999992,10.32999992,10.32999992,1000,XFINU
321,2/1/2023,10.30000019,10.30000019,10.30000019,10.30000019,10.30000019,1000,XFINU
322,2/2/2023,10.30000019,10.30000019,10.30000019,10.30000019,10.30000019,0,XFINU
323,2/3/2023,10.30000019,10.30000019,10.30000019,10.30000019,10.30000019,1000,XFINU
324,2/6/2023,10.30000019,10.30000019,10.30000019,10.30000019,10.30000019,0,XFINU
325,2/7/2023,10.34000015,10.34000015,10.34000015,10.34000015,10.34000015,5320,XFINU
326,2/8/2023,10.34500027,10.35000038,10.34500027,10.35000038,10.35000038,5118,XFINU
327,2/9/2023,10.35000038,10.35000038,10.35000038,10.35000038,10.35000038,0,XFINU
328,2/10/2023,10.35000038,10.36999989,10.35000038,10.36999989,10.36999989,5990,XFINU
329,2/13/2023,10.36999989,10.36999989,10.36999989,10.36999989,10.36999989,5020,XFINU
330,2/14/2023,10.31000042,10.38000011,10.31000042,10.38000011,10.38000011,6395,XFINU
331,2/15/2023,10.38000011,10.38000011,10.38000011,10.38000011,10.38000011,0,XFINU
332,2/16/2023,10.38000011,10.38000011,10.38000011,10.38000011,10.38000011,0,XFINU
333,2/17/2023,10.38000011,10.38000011,10.38000011,10.38000011,10.38000011,400,XFINU
334,2/21/2023,10.38000011,10.38000011,10.35999966,10.35999966,10.35999966,377,XFINU
335,2/22/2023,10.36999989,10.36999989,10.36999989,10.36999989,10.36999989,521,XFINU
336,2/23/2023,10.38000011,10.38000011,10.38000011,10.38000011,10.38000011,2607,XFINU
337,2/24/2023,10.38000011,10.38000011,10.38000011,10.38000011,10.38000011,0,XFINU
338,2/27/2023,10.38000011,10.38000011,10.38000011,10.38000011,10.38000011,0,XFINU
339,2/28/2023,10.38000011,10.38000011,10.38000011,10.38000011,10.38000011,0,XFINU
340,3/1/2023,10.38000011,10.38000011,10.38000011,10.38000011,10.38000011,0,XFINU
341,3/2/2023,10.39999962,10.39999962,10.39999962,10.39999962,10.39999962,1000,XFINU
342,3/3/2023,10.39999962,10.39999962,10.39999962,10.39999962,10.39999962,0,XFINU
343,3/6/2023,10.39999962,10.39999962,10.39999962,10.39999962,10.39999962,0,XFINU
344,3/7/2023,10.39999962,10.40810013,10.39999962,10.40810013,10.40810013,1100,XFINU
345,3/8/2023,10.39999962,10.39999962,10.39999962,10.39999962,10.39999962,800,XFINU
346,3/9/2023,10.39999962,10.39999962,10.39999962,10.39999962,10.39999962,0,XFINU
347,3/10/2023,10.39999962,10.39999962,10.39999962,10.39999962,10.39999962,0,XFINU
348,3/13/2023,10.39999962,10.39999962,10.39999962,10.39999962,10.39999962,0,XFINU
349,3/14/2023,10.39999962,10.39999962,10.39999962,10.39999962,10.39999962,0,XFINU
350,3/15/2023,10.39999962,10.39999962,10.39999962,10.39999962,10.39999962,0,XFINU
351,3/16/2023,10.38000011,10.38000011,10.38000011,10.38000011,10.38000011,100,XFINU
352,3/17/2023,10.38000011,10.38000011,10.38000011,10.38000011,10.38000011,100,XFINU
353,3/20/2023,10.38000011,10.38000011,10.38000011,10.38000011,10.38000011,0,XFINU
354,3/21/2023,10.38000011,10.38000011,10.38000011,10.38000011,10.38000011,104,XFINU
355,3/22/2023,10.38000011,10.38000011,10.38000011,10.38000011,10.38000011,100,XFINU
356,3/23/2023,10.39000034,10.39000034,10.39000034,10.39000034,10.39000034,100,XFINU
357,3/24/2023,10.36999989,10.36999989,10.36999989,10.36999989,10.36999989,100,XFINU
358,3/27/2023,10.43000031,10.43000031,10.43000031,10.43000031,10.43000031,100,XFINU
359,3/28/2023,10.42000008,10.43000031,10.42000008,10.43000031,10.43000031,1300,XFINU
360,3/29/2023,10.42000008,10.42000008,10.42000008,10.42000008,10.42000008,700,XFINU
361,3/30/2023,10.42000008,10.42000008,10.42000008,10.42000008,10.42000008,0,XFINU
362,3/31/2023,10.39999962,10.40999985,10.39999962,10.40999985,10.40999985,22520,XFINU
363,4/3/2023,10.45219994,10.45219994,10.45219994,10.45219994,10.45219994,102,XFINU
364,4/4/2023,10.40999985,10.40999985,10.39999962,10.39999962,10.39999962,10000,XFINU
365,4/5/2023,10.39999962,10.39999962,10.39999962,10.39999962,10.39999962,0,XFINU
366,4/6/2023,10.39999962,10.39999962,10.39999962,10.39999962,10.39999962,0,XFINU
367,4/10/2023,10.39999962,10.39999962,10.39999962,10.39999962,10.39999962,0,XFINU
368,4/11/2023,10.39999962,10.39999962,10.39999962,10.39999962,10.39999962,0,XFINU
369,4/12/2023,10.39999962,10.39999962,10.39999962,10.39999962,10.39999962,0,XFINU
370,4/13/2023,10.39999962,10.39999962,10.39999962,10.39999962,10.39999962,0,XFINU
371,4/14/2023,10.39999962,10.39999962,10.39999962,10.39999962,10.39999962,0,XFINU
372,4/17/2023,10.39999962,10.39999962,10.39999962,10.39999962,10.39999962,0,XFINU
373,4/18/2023,10.39999962,10.39999962,10.39999962,10.39999962,10.39999962,0,XFINU
374,4/19/2023,10.39999962,10.39999962,10.39999962,10.39999962,10.39999962,0,XFINU
375,4/20/2023,10.39999962,10.39999962,10.39999962,10.39999962,10.39999962,0,XFINU
376,4/21/2023,10.39999962,10.39999962,10.39999962,10.39999962,10.39999962,0,XFINU
377,4/24/2023,10.39999962,10.39999962,10.39999962,10.39999962,10.39999962,0,XFINU
378,4/25/2023,10.39999962,10.39999962,10.39999962,10.39999962,10.39999962,0,XFINU
379,4/26/2023,10.39999962,10.39999962,10.39999962,10.39999962,10.39999962,0,XFINU
380,4/27/2023,10.39999962,10.39999962,10.39999962,10.39999962,10.39999962,0,XFINU
381,4/28/2023,10.39999962,10.39999962,10.39999962,10.39999962,10.39999962,0,XFINU
382,5/1/2023,10.35000038,10.35000038,10.34000015,10.34000015,10.34000015,500,XFINU
383,5/2/2023,10.34000015,10.34000015,10.34000015,10.34000015,10.34000015,0,XFINU
384,5/3/2023,10.34000015,10.34000015,10.34000015,10.34000015,10.34000015,0,XFINU
385,5/4/2023,10.34000015,10.34000015,10.34000015,10.34000015,10.34000015,0,XFINU
386,5/5/2023,10.30000019,10.30000019,10.30000019,10.30000019,10.30000019,700,XFINU
387,5/8/2023,10.30000019,10.30000019,10.30000019,10.30000019,10.30000019,1300,XFINU
388,5/9/2023,10.30000019,10.30000019,10.30000019,10.30000019,10.30000019,0,XFINU
389,5/10/2023,10.30000019,10.30000019,10.30000019,10.30000019,10.30000019,0,XFINU
390,5/11/2023,10.30000019,10.30000019,10.30000019,10.30000019,10.30000019,0,XFINU
391,5/12/2023,10.30000019,10.30000019,10.30000019,10.30000019,10.30000019,0,XFINU
392,5/15/2023,10.34000015,10.34000015,10.34000015,10.34000015,10.34000015,302,XFINU
393,5/16/2023,10.34000015,10.34000015,10.34000015,10.34000015,10.34000015,0,XFINU
394,5/17/2023,10.34000015,10.34000015,10.34000015,10.34000015,10.34000015,0,XFINU
395,5/18/2023,10.34000015,10.34000015,10.34000015,10.34000015,10.34000015,0,XFINU
396,5/19/2023,10.36999989,10.36999989,10.36999989,10.36999989,10.36999989,1200,XFINU
397,5/22/2023,10.36999989,10.36999989,10.36999989,10.36999989,10.36999989,0,XFINU
398,5/23/2023,10.36999989,10.36999989,10.36999989,10.36999989,10.36999989,0,XFINU
399,5/24/2023,10.36999989,10.36999989,10.36999989,10.36999989,10.36999989,0,XFINU
400,5/25/2023,10.36999989,10.36999989,10.36999989,10.36999989,10.36999989,0,XFINU
401,5/26/2023,10.36999989,10.36999989,10.36999989,10.36999989,10.36999989,0,XFINU
402,5/30/2023,10.36999989,10.36999989,10.36999989,10.36999989,10.36999989,0,XFINU
403,5/31/2023,10.36999989,10.36999989,10.36999989,10.36999989,10.36999989,0,XFINU
404,6/1/2023,10.36999989,10.36999989,10.36999989,10.36999989,10.36999989,0,XFINU
405,6/2/2023,10.36999989,10.36999989,10.36999989,10.36999989,10.36999989,0,XFINU
406,6/5/2023,10.36999989,10.36999989,10.36999989,10.36999989,10.36999989,0,XFINU
407,6/6/2023,10.36999989,10.36999989,10.36999989,10.36999989,10.36999989,0,XFINU
408,6/7/2023,10.36999989,10.36999989,10.36999989,10.36999989,10.36999989,0,XFINU
409,6/8/2023,10.36999989,10.36999989,10.36999989,10.36999989,10.36999989,0,XFINU
410,6/9/2023,10.36999989,10.36999989,10.36999989,10.36999989,10.36999989,0,XFINU
411,6/12/2023,10.36999989,10.36999989,10.36999989,10.36999989,10.36999989,0,XFINU
412,6/13/2023,10.36999989,10.36999989,10.36999989,10.36999989,10.36999989,0,XFINU
413,6/14/2023,10.36999989,10.36999989,10.36999989,10.36999989,10.36999989,0,XFINU
414,6/15/2023,10.44999981,10.44999981,10.43999958,10.43999958,10.43999958,500,XFINU
415,6/16/2023,10.43999958,10.93999958,10.40009975,10.85900021,10.85900021,1200,XFINU
416,6/20/2023,10.85900021,10.85900021,10.85900021,10.85900021,10.85900021,0,XFINU
417,6/21/2023,10.85900021,10.85900021,10.85900021,10.85900021,10.85900021,0,XFINU
418,6/22/2023,10.85900021,10.85900021,10.85900021,10.85900021,10.85900021,0,XFINU
419,6/23/2023,10.85900021,10.85900021,10.85900021,10.85900021,10.85900021,0,XFINU
420,6/26/2023,10.85900021,10.85900021,10.85900021,10.85900021,10.85900021,0,XFINU
421,6/27/2023,10.85900021,10.85900021,10.85900021,10.85900021,10.85900021,0,XFINU
422,6/28/2023,10.46000004,10.47000027,10.42000008,10.42000008,10.42000008,4926,XFINU
423,6/29/2023,10.47000027,10.68249989,10.42000008,10.43999958,10.43999958,1600,XFINU
424,6/30/2023,10.43999958,10.43999958,10.43999958,10.43999958,10.43999958,0,XFINU
425,7/3/2023,10.43999958,10.43999958,10.43999958,10.43999958,10.43999958,0,XFINU
426,7/5/2023,10.43999958,10.43999958,10.43999958,10.43999958,10.43999958,0,XFINU
427,7/6/2023,10.43999958,10.43999958,10.43999958,10.43999958,10.43999958,0,XFINU
428,7/7/2023,10.47000027,10.47000027,10.43999958,10.43999958,10.43999958,800,XFINU
429,7/10/2023,10.44999981,10.44999981,10.44999981,10.44999981,10.44999981,600,XFINU
430,7/11/2023,10.46000004,10.99400043,10.43999958,10.43999958,10.43999958,800,XFINU
431,7/12/2023,10.44999981,10.44999981,10.44999981,10.44999981,10.44999981,400,XFINU
432,7/13/2023,10.42000008,10.42000008,10.42000008,10.42000008,10.42000008,100,XFINU
433,7/14/2023,10.42000008,10.42000008,10.40999985,10.40999985,10.40999985,885,XFINU
434,7/17/2023,10.46000004,10.46000004,10.42000008,10.42010021,10.42010021,600,XFINU
435,7/18/2023,10.42010021,10.42010021,10.42010021,10.42010021,10.42010021,0,XFINU
436,7/19/2023,10.42010021,10.42010021,10.42010021,10.42010021,10.42010021,0,XFINU
437,7/20/2023,10.42010021,10.42010021,10.42010021,10.42010021,10.42010021,0,XFINU
438,7/21/2023,10.42010021,10.42010021,10.42010021,10.42010021,10.42010021,0,XFINU
439,7/24/2023,10.42000008,10.42000008,10.42000008,10.42000008,10.42000008,806,XFINU
440,7/25/2023,10.47000027,10.47000027,10.47000027,10.47000027,10.47000027,400,XFINU
441,7/26/2023,10.47000027,10.47000027,10.47000027,10.47000027,10.47000027,0,XFINU
442,7/27/2023,10.47000027,10.47000027,10.47000027,10.47000027,10.47000027,0,XFINU
443,7/28/2023,10.47000027,10.47000027,10.47000027,10.47000027,10.47000027,0,XFINU
444,7/31/2023,10.47000027,10.47000027,10.47000027,10.47000027,10.47000027,0,XFINU
445,8/1/2023,10.47000027,10.47000027,10.47000027,10.47000027,10.47000027,0,XFINU
446,8/2/2023,10.44999981,10.44999981,10.44999981,10.44999981,10.44999981,100,XFINU
447,8/3/2023,10.44999981,10.44999981,10.44999981,10.44999981,10.44999981,0,XFINU
448,8/4/2023,10.44999981,10.44999981,,,10.44999981,0,XFINU
449,8/7/2023,10.44999981,10.44999981,10.44999981,10.44999981,10.44999981,0,XFINU
450,8/8/2023,,10.44999981,10.44999981,10.44999981,10.44999981,0,XFINU
451,8/9/2023,10.52000046,10.97500038,,10.52999973,10.52999973,2200,XFINU
452,8/10/2023,10.52999973,10.52999973,10.52999973,10.52999973,10.52999973,0,XFINU
453,8/11/2023,10.52999973,10.52999973,10.52999973,10.52999973,10.52999973,0,XFINU
454,8/14/2023,10.52999973,10.52999973,10.52999973,10.52999973,,0,XFINU
455,8/15/2023,10.51000023,10.51000023,10.51000023,10.51000023,10.51000023,100,XFINU
456,8/16/2023,10.51000023,10.51000023,10.51000023,10.51000023,10.51000023,0,XFINU
457,8/17/2023,,,,,10.48999977,100,XFINU
458,8/18/2023,10.48999977,10.48999977,10.48999977,10.48999977,10.48999977,0,XFINU
459,8/21/2023,10.48999977,10.48999977,10.48999977,10.48999977,10.48999977,0,XFINU
460,8/22/2023,10.55000019,10.55000019,10.53999996,10.53999996,10.53999996,2070,XFINU
461,8/23/2023,10.60000038,,10.60000038,10.60000038,10.60000038,400,XFINU
462,8/24/2023,10.60000038,10.60000038,10.60000038,10.60000038,10.60000038,400,XFINU
463,8/25/2023,10.60000038,10.60000038,10.60000038,10.60000038,10.60000038,400,XFINU
464,8/28/2023,10.60999966,10.60999966,10.60000038,10.60000038,10.60000038,800,XFINU
465,8/29/2023,10.60000038,10.60000038,10.60000038,10.60000038,10.60000038,0,XFINU
466,8/30/2023,10.60000038,10.60000038,10.60000038,10.60000038,10.60000038,1132,XFINU
467,8/31/2023,10.60000038,10.60000038,10.60000038,10.60000038,10.60000038,0,XFINU
468,9/1/2023,10.60000038,10.60999966,10.56999969,10.60999966,10.60999966,1050,XFINU
469,9/5/2023,10.60999966,10.60999966,10.60999966,10.60999966,10.60999966,0,XFINU
470,9/6/2023,10.60999966,10.60999966,10.60999966,10.60999966,10.60999966,0,XFINU
471,9/7/2023,10.63000011,10.63000011,10.61999989,10.61999989,10.61999989,1200,XFINU
472,9/8/2023,10.61999989,10.61999989,10.61999989,10.61999989,10.61999989,400,XFINU
473,9/11/2023,10.61999989,10.61999989,10.61999989,10.61999989,10.61999989,400,XFINU
474,9/12/2023,10.61999989,10.61999989,10.61999989,10.61999989,10.61999989,468,XFINU
475,9/13/2023,10.61999989,10.61999989,10.61999989,10.61999989,10.61999989,500,XFINU
476,9/14/2023,10.61999989,10.61999989,10.57999992,10.58010006,10.58010006,650,XFINU
477,9/15/2023,10.58010006,10.58010006,10.58010006,10.58010006,10.58010006,0,XFINU
478,9/18/2023,10.61999989,10.61999989,10.57999992,10.57999992,10.57999992,478,XFINU
479,9/19/2023,10.61999989,10.61999989,10.57999992,10.58010006,10.58010006,1300,XFINU
480,9/20/2023,10.61999989,10.61999989,10.61999989,10.61999989,10.61999989,918,XFINU
481,9/21/2023,10.63000011,10.63000011,10.57999992,10.63000011,10.63000011,1100,XFINU
482,9/22/2023,10.63000011,10.63000011,10.63000011,10.63000011,10.63000011,0,XFINU
483,9/25/2023,10.63000011,10.63000011,10.63000011,10.63000011,10.63000011,0,XFINU
484,9/26/2023,10.63000011,10.63000011,10.63000011,10.63000011,10.63000011,0,XFINU
485,9/27/2023,10.63000011,10.63000011,10.63000011,10.63000011,10.63000011,0,XFINU
486,9/28/2023,10.71000004,10.71000004,10.64999962,10.64999962,10.64999962,1964,XFINU
487,9/29/2023,10.64999962,10.64999962,10.64999962,10.64999962,10.64999962,0,XFINU
488,10/2/2023,10.64999962,10.64999962,10.64999962,10.64999962,10.64999962,0,XFINU
489,10/3/2023,10.64999962,10.64999962,10.64999962,10.64999962,10.64999962,0,XFINU
490,10/4/2023,10.71000004,10.71000004,10.71000004,10.71000004,10.71000004,1100,XFINU
491,10/5/2023,10.71000004,10.71000004,10.71000004,10.71000004,10.71000004,544,XFINU
492,10/6/2023,10.71000004,10.71000004,10.71000004,10.71000004,10.71000004,500,XFINU
493,10/9/2023,10.71000004,10.71000004,10.71000004,10.71000004,10.71000004,0,XFINU
494,10/10/2023,10.70400047,10.72000027,10.64999962,10.64999962,10.64999962,3304,XFINU
495,10/11/2023,10.64999962,10.64999962,10.64999962,10.64999962,10.64999962,0,XFINU
496,10/12/2023,10.11999989,10.65999985,10.11999989,10.65999985,10.65999985,600,XFINU
497,10/13/2023,10.65999985,10.65999985,10.65999985,10.65999985,10.65999985,0,XFINU
498,10/16/2023,10.65999985,10.65999985,10.65999985,10.65999985,10.65999985,0,XFINU
499,10/17/2023,10.65999985,10.65999985,10.65999985,10.65999985,10.65999985,0,XFINU
500,10/18/2023,9.800000191,9.800000191,9.800000191,9.800000191,9.800000191,530,XFINU
501,10/19/2023,10.44999981,10.64000034,10.44999981,10.63990021,10.63990021,3307,XFINU
502,10/20/2023,10.63990021,10.63990021,10.63990021,10.63990021,10.63990021,0,XFINU
503,10/23/2023,10.63990021,10.63990021,10.63990021,10.63990021,10.63990021,0,XFINU
504,10/24/2023,10.63990021,10.63990021,10.63990021,10.63990021,10.63990021,0,XFINU
505,10/25/2023,10.56999969,10.65999985,9.579999924,10.65999985,10.65999985,1325,XFINU
506,10/26/2023,10.64999962,10.65009975,10.64999962,10.64999962,10.64999962,744,XFINU
507,10/27/2023,10.65999985,10.69999981,10.64999962,10.69999981,10.69999981,2619,XFINU
508,10/30/2023,10.75,10.75,10.64999962,10.64999962,10.64999962,300,XFINU
509,10/31/2023,10.64999962,10.64999962,10.64999962,10.64999962,10.64999962,0,XFINU
510,11/1/2023,10.72000027,10.72000027,10.72000027,10.72000027,10.72000027,200,XFINU
511,11/2/2023,10.71010017,10.71010017,10.71000004,10.71000004,10.71000004,400,XFINU
512,11/3/2023,10.71000004,10.71000004,10.71000004,10.71000004,10.71000004,0,XFINU
513,11/6/2023,10.71000004,10.71000004,10.71000004,10.71000004,10.71000004,0,XFINU
514,11/7/2023,10.71000004,10.71000004,10.71000004,10.71000004,10.71000004,0,XFINU
515,11/8/2023,10.71000004,10.71000004,10.71000004,10.71000004,10.71000004,0,XFINU
516,11/9/2023,10.71000004,10.71000004,10.69999981,10.69999981,10.69999981,800,XFINU
517,11/10/2023,10.71000004,10.71000004,10.64999962,10.64999962,10.64999962,425,XFINU
518,11/13/2023,10.71000004,10.71000004,10.71000004,10.71000004,10.71000004,400,XFINU
519,11/14/2023,10.72000027,10.72000027,10.72000027,10.72000027,10.72000027,350,XFINU
520,11/15/2023,10.72000027,10.72000027,10.72000027,10.72000027,10.72000027,0,XFINU
521,11/16/2023,10.71000004,10.71000004,10.70699978,10.70699978,10.70699978,4200,XFINU
522,11/17/2023,10.70699978,10.70699978,10.70699978,10.70699978,10.70699978,0,XFINU
523,11/20/2023,10.70699978,10.70699978,10.70699978,10.70699978,10.70699978,0,XFINU
524,11/21/2023,10.70699978,10.70699978,10.70699978,10.70699978,10.70699978,0,XFINU
525,11/22/2023,10.70699978,10.70699978,10.70699978,10.70699978,10.70699978,0,XFINU
526,11/24/2023,10.70699978,10.70699978,10.70699978,10.70699978,10.70699978,0,XFINU
527,11/27/2023,10.69999981,10.69999981,10.69999981,10.69999981,10.69999981,249,XFINU
528,11/28/2023,10.71000004,10.71000004,10.71000004,10.71000004,10.71000004,200,XFINU
529,11/29/2023,10.71000004,10.71000004,10.71000004,10.71000004,10.71000004,0,XFINU
530,11/30/2023,10.71000004,10.71000004,10.71000004,10.71000004,10.71000004,0,XFINU
531,12/1/2023,10.71000004,10.71000004,10.71000004,10.71000004,10.71000004,0,XFINU
532,12/4/2023,10.71000004,10.71000004,10.71000004,10.71000004,10.71000004,0,XFINU
533,12/5/2023,10.71000004,10.71000004,10.71000004,10.71000004,10.71000004,0,XFINU
534,12/6/2023,10.71000004,10.71000004,10.71000004,10.71000004,10.71000004,600,XFINU
535,12/7/2023,10.71000004,10.71000004,10.71000004,10.71000004,10.71000004,0,XFINU
536,12/8/2023,10.71000004,10.71000004,10.71000004,10.71000004,10.71000004,0,XFINU
537,12/11/2023,10.68000031,10.68000031,10.68000031,10.68000031,10.68000031,150,XFINU
538,12/12/2023,10.68000031,10.68000031,10.68000031,10.68000031,10.68000031,0,XFINU
539,12/13/2023,10.68000031,10.68000031,10.68000031,10.68000031,10.68000031,0,XFINU
540,12/14/2023,10.68000031,10.68000031,10.64999962,10.65999985,10.65999985,6433,XFINU
541,12/15/2023,10.65999985,10.65999985,10.65999985,10.65999985,10.65999985,0,XFINU
542,12/18/2023,10.65999985,10.65999985,10.65999985,10.65999985,10.65999985,0,XFINU
543,12/19/2023,10.65999985,10.72000027,10.64999962,10.65999985,10.65999985,5667,XFINU
544,12/20/2023,10.72999954,10.75,10.72999954,10.75,10.75,425,XFINU
545,12/21/2023,10.67000008,10.68999958,10.65999985,10.68999958,10.68999958,5049,XFINU
546,12/22/2023,10.68999958,10.68999958,10.68999958,10.68999958,10.68999958,0,XFINU
547,12/26/2023,10.68999958,10.68999958,10.68999958,10.68999958,10.68999958,0,XFINU
548,12/27/2023,10.68999958,10.68999958,10.68999958,10.68999958,10.68999958,0,XFINU
549,12/28/2023,10.68999958,10.68999958,10.68999958,10.68999958,10.68999958,0,XFINU
550,12/29/2023,10.68999958,10.68999958,10.68999958,10.68999958,10.68999958,0,XFINU
551,1/2/2024,10.68999958,10.68999958,10.68999958,10.68999958,10.68999958,0,XFINU
552,1/3/2024,10.68999958,10.68999958,10.68999958,10.68999958,10.68999958,0,XFINU
553,1/4/2024,10.68999958,10.68999958,10.68999958,10.68999958,10.68999958,0,XFINU
554,1/5/2024,10.68999958,10.68999958,10.68999958,10.68999958,10.68999958,0,XFINU
555,1/8/2024,10.68999958,10.68999958,10.68999958,10.68999958,10.68999958,0,XFINU
556,1/9/2024,10.68999958,10.68999958,10.68999958,10.68999958,10.68999958,0,XFINU
557,1/10/2024,10.68999958,10.68999958,10.68999958,10.68999958,10.68999958,0,XFINU
558,1/11/2024,10.68999958,10.68999958,10.68999958,10.68999958,10.68999958,0,XFINU
559,1/12/2024,10.68999958,10.68999958,10.68999958,10.68999958,10.68999958,0,XFINU
560,1/16/2024,10.68999958,10.68999958,10.68999958,10.68999958,10.68999958,0,XFINU
561,1/17/2024,10.73999977,10.73999977,10.73999977,10.73999977,10.73999977,255,XFINU
562,1/18/2024,10.75,10.81000042,10.72999954,10.73999977,10.73999977,4638,XFINU
563,1/19/2024,10.81000042,10.81000042,10.81000042,10.81000042,10.81000042,200,XFINU
564,1/22/2024,10.81000042,10.81000042,10.81000042,10.81000042,10.81000042,0,XFINU
565,1/23/2024,10.81000042,10.81000042,10.81000042,10.81000042,10.81000042,0,XFINU
566,1/24/2024,10.81000042,10.81000042,10.81000042,10.81000042,10.81000042,0,XFINU
567,1/25/2024,10.81000042,10.81000042,10.81000042,10.81000042,10.81000042,0,XFINU
568,1/26/2024,10.81000042,10.81000042,10.81000042,10.81000042,10.81000042,0,XFINU
569,1/29/2024,10.72999954,10.72999954,10.72999954,10.72999954,10.72999954,100,XFINU
570,1/30/2024,10.72999954,10.72999954,10.72999954,10.72999954,10.72999954,0,XFINU
571,1/31/2024,10.72999954,10.72999954,10.72999954,10.72999954,10.72999954,0,XFINU
572,2/1/2024,10.72999954,10.72999954,10.72999954,10.72999954,10.72999954,0,XFINU
573,2/2/2024,10.72999954,10.72999954,10.72999954,10.72999954,10.72999954,0,XFINU
574,2/5/2024,10.72999954,10.72999954,10.72999954,10.72999954,10.72999954,0,XFINU
575,2/6/2024,10.72999954,10.72999954,10.72999954,10.72999954,10.72999954,0,XFINU
576,2/7/2024,10.72999954,10.72999954,10.72999954,10.72999954,10.72999954,0,XFINU
577,2/8/2024,10.72999954,10.72999954,10.72999954,10.72999954,10.72999954,0,XFINU
578,2/9/2024,10.72999954,10.72999954,10.72999954,10.72999954,10.72999954,0,XFINU
579,2/12/2024,10.72999954,10.72999954,10.72999954,10.72999954,10.72999954,0,XFINU
580,2/13/2024,10.72999954,10.72999954,10.72999954,10.72999954,10.72999954,0,XFINU
581,2/14/2024,10.72999954,10.72999954,10.72999954,10.72999954,10.72999954,0,XFINU
582,2/15/2024,10.72999954,10.72999954,10.72999954,10.72999954,10.72999954,0,XFINU
583,2/16/2024,10.72999954,10.72999954,10.72999954,10.72999954,10.72999954,0,XFINU
584,2/20/2024,10.72999954,10.72999954,10.72999954,10.72999954,10.72999954,0,XFINU
585,2/21/2024,10.72999954,10.72999954,10.72999954,10.72999954,10.72999954,0,XFINU
586,2/22/2024,10.72999954,10.72999954,10.72999954,10.72999954,10.72999954,0,XFINU
587,2/23/2024,10.72999954,10.72999954,10.72999954,10.72999954,10.72999954,0,XFINU
588,2/26/2024,10.72999954,10.72999954,10.72999954,10.72999954,10.72999954,0,XFINU
589,2/27/2024,10.72999954,10.72999954,10.72999954,10.72999954,10.72999954,0,XFINU
590,2/28/2024,10.72999954,10.72999954,10.72999954,10.72999954,10.72999954,0,XFINU
591,2/29/2024,10.72999954,10.72999954,10.72999954,10.72999954,10.72999954,0,XFINU
592,3/1/2024,10.72999954,10.72999954,10.72999954,10.72999954,10.72999954,0,XFINU
593,3/4/2024,10.72999954,10.72999954,10.72999954,10.72999954,10.72999954,0,XFINU
594,3/5/2024,10.72999954,10.72999954,10.72999954,10.72999954,10.72999954,0,XFINU
595,3/6/2024,10.72999954,10.72999954,10.72999954,10.72999954,10.72999954,0,XFINU
596,3/7/2024,10.72999954,10.72999954,10.72999954,10.72999954,10.72999954,0,XFINU
597,3/8/2024,10.72999954,10.72999954,10.72999954,10.72999954,10.72999954,0,XFINU
598,3/11/2024,10.72999954,10.72999954,10.72999954,10.72999954,10.72999954,0,XFINU
599,3/12/2024,10.72999954,10.72999954,10.72999954,10.72999954,10.72999954,0,XFINU
600,3/13/2024,10.74619961,10.74619961,10.74619961,10.74619961,10.74619961,100,XFINU
601,3/14/2024,10.74619961,10.74619961,10.74619961,10.74619961,10.74619961,0,XFINU
602,3/15/2024,10.74619961,10.74619961,10.74619961,10.74619961,10.74619961,0,XFINU
603,3/18/2024,10.74619961,10.74619961,10.74619961,10.74619961,10.74619961,0,XFINU
604,3/19/2024,10.74619961,10.74619961,10.74619961,10.74619961,10.74619961,0,XFINU
605,3/20/2024,10.74619961,10.74619961,10.74619961,10.74619961,10.74619961,0,XFINU
606,3/21/2024,10.74619961,10.74619961,10.74619961,10.74619961,10.74619961,0,XFINU
607,3/22/2024,10.74619961,10.74619961,10.74619961,10.74619961,10.74619961,0,XFINU
608,3/25/2024,10.74619961,10.74619961,10.74619961,10.74619961,10.74619961,0,XFINU
609,3/26/2024,10.74619961,10.74619961,10.74619961,10.74619961,10.74619961,0,XFINU
610,3/27/2024,10.74619961,10.74619961,10.74619961,10.74619961,10.74619961,0,XFINU
611,3/28/2024,10.74619961,10.74619961,10.74619961,10.74619961,10.74619961,0,XFINU
612,4/1/2024,10.74619961,10.74619961,10.74619961,10.74619961,10.74619961,0,XFINU
613,4/2/2024,10.74619961,10.74619961,10.74619961,10.74619961,10.74619961,0,XFINU
614,4/3/2024,10.74619961,10.74619961,10.74619961,10.74619961,10.74619961,0,XFINU
615,4/4/2024,10.74619961,10.74619961,10.74619961,10.74619961,10.74619961,0,XFINU
616,4/5/2024,10.74619961,10.74619961,10.74619961,10.74619961,10.74619961,0,XFINU
617,4/8/2024,10.74619961,10.74619961,10.74619961,10.74619961,10.74619961,0,XFINU
618,4/9/2024,10.74619961,10.74619961,10.74619961,10.74619961,10.74619961,0,XFINU
619,4/10/2024,10.74619961,10.74619961,10.74619961,10.74619961,10.74619961,0,XFINU
620,4/11/2024,10.74619961,10.74619961,10.74619961,10.74619961,10.74619961,0,XFINU
621,4/12/2024,10.74619961,10.74619961,10.74619961,10.74619961,10.74619961,0,XFINU
622,4/15/2024,10.74619961,10.74619961,10.74619961,10.74619961,10.74619961,0,XFINU
623,4/16/2024,10.74619961,10.74619961,10.74619961,10.74619961,10.74619961,0,XFINU
624,4/17/2024,10.74619961,10.74619961,10.74619961,10.74619961,10.74619961,0,XFINU
625,4/18/2024,10.74619961,10.74619961,10.74619961,10.74619961,10.74619961,0,XFINU
626,4/19/2024,10.74619961,10.74619961,10.74619961,10.74619961,10.74619961,0,XFINU
627,4/22/2024,10.74619961,10.74619961,10.74619961,10.74619961,10.74619961,0,XFINU
628,4/23/2024,10.74619961,10.74619961,10.74619961,10.74619961,10.74619961,0,XFINU
629,4/24/2024,10.74619961,10.74619961,10.74619961,10.74619961,10.74619961,0,XFINU
630,4/25/2024,10.74619961,10.74619961,10.74619961,10.74619961,10.74619961,0,XFINU
631,4/26/2024,10.74619961,10.74619961,10.74619961,10.74619961,10.74619961,0,XFINU
632,4/29/2024,10.74619961,10.74619961,10.74619961,10.74619961,10.74619961,0,XFINU
633,4/30/2024,10.74619961,10.74619961,10.74619961,10.74619961,10.74619961,0,XFINU
634,5/1/2024,10.74619961,10.74619961,10.74619961,10.74619961,10.74619961,0,XFINU
635,5/2/2024,10.74619961,10.74619961,10.74619961,10.74619961,10.74619961,0,XFINU
636,5/3/2024,10.74619961,10.74619961,10.74619961,10.74619961,10.74619961,0,XFINU
637,5/6/2024,10.74619961,10.74619961,10.74619961,10.74619961,10.74619961,0,XFINU
638,5/7/2024,10.74619961,10.74619961,10.74619961,10.74619961,10.74619961,0,XFINU
639,5/8/2024,10.74619961,10.74619961,10.74619961,10.74619961,10.74619961,0,XFINU
640,5/9/2024,10.74619961,10.74619961,10.74619961,10.74619961,10.74619961,0,XFINU
641,5/10/2024,10.74619961,10.74619961,10.74619961,10.74619961,10.74619961,0,XFINU
642,5/13/2024,10.74619961,10.74619961,10.74619961,10.74619961,10.74619961,0,XFINU
643,5/14/2024,10.74619961,10.74619961,10.74619961,10.74619961,10.74619961,0,XFINU
644,5/15/2024,10.74619961,10.74619961,10.74619961,10.74619961,10.74619961,0,XFINU
645,5/16/2024,10.74619961,10.74619961,10.74619961,10.74619961,10.74619961,0,XFINU
646,5/17/2024,10.74619961,10.74619961,10.74619961,10.74619961,10.74619961,0,XFINU
647,5/20/2024,10.74619961,10.74619961,10.74619961,10.74619961,10.74619961,0,XFINU
648,5/21/2024,10.74619961,10.74619961,10.74619961,10.74619961,10.74619961,0,XFINU
649,5/22/2024,10.74619961,10.74619961,10.74619961,10.74619961,10.74619961,0,XFINU
650,5/23/2024,10.74619961,10.74619961,10.74619961,10.74619961,10.74619961,0,XFINU
651,5/24/2024,10.74619961,10.74619961,10.74619961,10.74619961,10.74619961,0,XFINU
652,5/28/2024,10.74619961,10.74619961,10.74619961,10.74619961,10.74619961,0,XFINU
653,5/29/2024,10.74619961,10.74619961,10.74619961,10.74619961,10.74619961,0,XFINU
654,5/30/2024,10.74619961,10.74619961,10.74619961,10.74619961,10.74619961,0,XFINU
655,5/31/2024,10.74619961,10.74619961,10.74619961,10.74619961,10.74619961,0,XFINU
656,6/3/2024,10.74619961,10.74619961,10.74619961,10.74619961,10.74619961,0,XFINU
657,6/4/2024,10.74619961,10.74619961,10.74619961,10.74619961,10.74619961,0,XFINU
658,6/5/2024,10.74619961,10.74619961,10.74619961,10.74619961,10.74619961,0,XFINU
659,6/6/2024,10.74619961,10.74619961,10.74619961,10.74619961,10.74619961,0,XFINU
660,6/7/2024,10.74619961,10.74619961,10.74619961,10.74619961,10.74619961,0,XFINU
661,6/10/2024,10.74619961,10.74619961,10.74619961,10.74619961,10.74619961,0,XFINU
662,6/11/2024,10.74619961,10.74619961,10.74619961,10.74619961,10.74619961,0,XFINU
663,6/12/2024,10.74619961,10.74619961,10.74619961,10.74619961,10.74619961,0,XFINU
664,6/13/2024,10.74619961,10.74619961,10.74619961,10.74619961,10.74619961,0,XFINU
665,6/14/2024,10.74619961,10.74619961,10.74619961,10.74619961,10.74619961,0,XFINU
666,6/17/2024,10.74619961,10.74619961,10.74619961,10.74619961,10.74619961,0,XFINU
667,6/18/2024,10.74619961,10.74619961,10.74619961,10.74619961,10.74619961,0,XFINU
668,6/20/2024,10.74619961,10.74619961,10.74619961,10.74619961,10.74619961,0,XFINU
